,Div,HomeTeam,AwayTeam,FTR,B365H,B365D,B365A,bet_favorite,compare
0,F2,Chambly,Valenciennes,H,2.5,3.0,2.8,H,True
1,F2,Clermont,Chateauroux,H,1.75,3.5,4.75,H,True
2,F2,Guingamp,Grenoble,D,1.66,3.6,5.25,H,False
3,F2,Nancy,Orleans,D,2.1,3.2,3.6,H,False
4,F2,Niort,Troyes,A,3.25,3.0,2.37,A,True
5,F2,Rodez,Auxerre,H,2.7,3.0,2.8,H,True
6,F2,Sochaux,Caen,D,2.75,3.0,2.5,A,False
7,F2,Le Mans,Lens,A,3.0,3.2,2.37,A,True
8,F2,Lorient,Paris FC,H,2.0,3.2,4.0,H,True
9,F2,Auxerre,Le Mans,H,1.75,3.4,5.0,H,True
10,F2,Chateauroux,Rodez,D,3.0,3.0,2.5,A,False
11,F2,Grenoble,Ajaccio,A,2.05,3.1,4.0,H,False
12,F2,Le Havre,Niort,D,1.72,3.4,5.25,H,False
13,F2,Orleans,Chambly,A,2.1,3.1,3.75,H,False
14,F2,Paris FC,Sochaux,D,2.2,2.7,4.2,H,False
15,F2,Troyes,Clermont,A,2.5,3.0,3.0,H,False
16,F2,Valenciennes,Nancy,D,2.7,3.0,2.8,H,False
17,F2,Lens,Guingamp,H,2.15,3.0,3.8,H,True
18,F2,Caen,Lorient,A,2.2,3.0,3.6,H,False
19,F2,Ajaccio,Caen,A,2.6,3.0,2.9,H,False
20,F2,Chambly,Grenoble,D,2.45,3.0,3.1,H,False
21,F2,Guingamp,Orleans,H,1.8,3.0,5.0,H,True
22,F2,Le Mans,Valenciennes,A,2.3,2.8,3.3,H,False
23,F2,Nancy,Lorient,D,3.2,3.0,2.25,A,False
24,F2,Niort,Chateauroux,H,2.05,2.9,3.9,H,True
25,F2,Rodez,Paris FC,H,2.5,2.75,3.0,H,True
26,F2,Sochaux,Auxerre,H,2.75,2.9,2.6,A,False
27,F2,Troyes,Le Havre,A,2.1,3.0,3.5,H,False
28,F2,Clermont,Lens,D,2.37,2.9,3.3,H,False
29,F2,Caen,Chambly,D,2.4,3.0,3.2,H,False
30,F2,Chateauroux,Ajaccio,A,3.25,2.8,2.5,A,True
31,F2,Grenoble,Troyes,D,2.6,2.8,3.1,H,False
32,F2,Lorient,Sochaux,H,1.61,3.4,6.5,H,True
33,F2,Nancy,Le Mans,H,1.9,3.25,4.33,H,True
34,F2,Orleans,Clermont,A,3.4,2.8,2.4,A,True
35,F2,Paris FC,Niort,A,2.05,2.8,4.5,H,False
36,F2,Valenciennes,Rodez,H,3.25,2.87,2.45,A,False
37,F2,Lens,Le Havre,A,2.0,3.0,4.33,H,False
38,F2,Auxerre,Guingamp,D,2.4,2.8,3.5,H,False
39,F2,Ajaccio,Paris FC,H,2.2,3.0,3.6,H,True
40,F2,Chambly,Chateauroux,D,1.85,3.3,4.5,H,False
41,F2,Clermont,Auxerre,D,2.2,3.0,3.3,H,False
42,F2,Le Havre,Grenoble,H,1.9,3.1,4.5,H,True
43,F2,Le Mans,Lorient,A,3.75,3.2,2.1,A,True
44,F2,Niort,Caen,D,2.4,3.1,3.1,H,False
45,F2,Rodez,Orleans,D,2.15,3.2,3.6,H,False
46,F2,Sochaux,Nancy,H,2.55,3.0,3.0,H,True
47,F2,Troyes,Lens,H,2.87,2.9,2.5,A,False
48,F2,Guingamp,Valenciennes,A,1.75,3.4,5.0,H,False
49,F2,Auxerre,Ajaccio,H,1.95,3.2,4.2,H,True
50,F2,Caen,Le Havre,A,2.87,3.0,2.62,A,True
51,F2,Chateauroux,Troyes,A,3.6,3.0,2.2,A,True
52,F2,Le Mans,Sochaux,H,2.8,2.9,2.75,A,False
53,F2,Nancy,Rodez,D,2.2,3.0,3.6,H,False
54,F2,Orleans,Niort,A,1.9,3.0,4.75,H,False
55,F2,Valenciennes,Clermont,H,3.1,3.1,2.37,A,False
56,F2,Lorient,Guingamp,A,2.05,3.1,4.0,H,False
57,F2,Paris FC,Chambly,A,2.3,2.87,3.5,H,False
58,F2,Grenoble,Lens,D,3.5,3.25,2.1,A,False
59,F2,Ajaccio,Orleans,D,2.0,3.2,4.0,H,False
60,F2,Chambly,Auxerre,A,2.7,2.9,2.87,H,False
61,F2,Guingamp,Nancy,D,2.0,3.1,4.2,H,False
62,F2,Le Havre,Paris FC,D,1.72,3.25,5.75,H,False
63,F2,Niort,Grenoble,A,2.37,3.0,3.2,H,False
64,F2,Rodez,Le Mans,H,2.15,3.1,3.6,H,True
65,F2,Sochaux,Valenciennes,D,2.15,3.1,3.6,H,False
66,F2,Troyes,Caen,H,1.9,3.2,4.33,H,True
67,F2,Clermont,Lorient,A,2.5,2.9,3.1,H,False
68,F2,Lens,Chateauroux,H,1.5,3.5,9.0,H,True
69,F2,Auxerre,Troyes,A,2.45,2.9,3.2,H,False
70,F2,Chateauroux,Grenoble,D,2.9,3.1,2.5,A,False
71,F2,Le Mans,Ajaccio,A,2.45,3.2,2.9,H,False
72,F2,Nancy,Chambly,H,2.4,3.0,3.2,H,True
73,F2,Orleans,Le Havre,D,3.0,3.1,2.45,A,False
74,F2,Paris FC,Clermont,A,3.2,3.0,2.37,A,True
75,F2,Sochaux,Guingamp,H,3.0,2.9,2.6,A,False
76,F2,Valenciennes,Niort,D,2.0,3.2,3.9,H,False
77,F2,Caen,Lens,A,3.75,3.1,2.1,A,True
78,F2,Lorient,Rodez,H,2.0,3.1,4.2,H,True
79,F2,Ajaccio,Valenciennes,H,2.05,3.0,4.0,H,True
80,F2,Chambly,Lorient,A,3.5,3.0,2.25,A,True
81,F2,Clermont,Nancy,D,2.05,3.2,3.75,H,False
82,F2,Grenoble,Caen,H,1.95,3.2,3.75,H,True
83,F2,Le Havre,Chateauroux,A,1.53,3.8,6.5,H,False
84,F2,Niort,Auxerre,D,3.75,3.1,2.1,A,False
85,F2,Rodez,Sochaux,A,2.37,3.1,3.1,H,False
86,F2,Troyes,Orleans,A,1.7,3.3,6.0,H,False
87,F2,Lens,Paris FC,H,1.53,3.8,6.5,H,True
88,F2,Guingamp,Le Mans,H,1.72,3.5,5.25,H,True
89,F2,Caen,Chateauroux,D,2.05,3.0,4.2,H,False
90,F2,Guingamp,Rodez,H,2.0,3.1,4.2,H,True
91,F2,Le Mans,Chambly,H,2.7,2.87,2.9,H,True
92,F2,Lorient,Ajaccio,D,1.72,3.4,5.25,H,False
93,F2,Nancy,Niort,H,1.85,3.1,5.0,H,True
94,F2,Paris FC,Troyes,H,3.25,3.0,2.37,A,False
95,F2,Sochaux,Clermont,H,2.9,2.87,2.8,A,False
96,F2,Valenciennes,Grenoble,A,2.45,3.1,3.0,H,False
97,F2,Auxerre,Le Havre,H,2.45,3.0,3.1,H,True
98,F2,Orleans,Lens,A,3.75,3.2,2.05,A,True
99,F2,Ajaccio,Nancy,D,2.5,2.9,3.1,H,False
100,F2,Caen,Valenciennes,D,2.1,3.1,3.75,H,False
101,F2,Chambly,Sochaux,D,2.8,2.87,2.75,A,False
102,F2,Chateauroux,Paris FC,A,2.5,2.8,3.3,H,False
103,F2,Clermont,Rodez,A,1.8,3.3,4.75,H,False
104,F2,Grenoble,Orleans,D,2.05,3.25,3.75,H,False
105,F2,Niort,Guingamp,D,3.75,3.1,2.1,A,False
106,F2,Troyes,Le Mans,H,1.55,3.6,7.0,H,True
107,F2,Le Havre,Lorient,D,2.6,3.2,2.75,H,False
108,F2,Lens,Auxerre,D,1.95,3.2,4.2,H,False
109,F2,Auxerre,Grenoble,A,2.05,3.1,4.0,H,False
110,F2,Guingamp,Clermont,A,2.2,3.1,3.5,H,False
111,F2,Le Mans,Niort,H,2.15,3.2,3.5,H,True
112,F2,Nancy,Lens,D,3.0,2.87,2.6,A,False
113,F2,Orleans,Chateauroux,D,2.05,3.0,4.2,H,False
114,F2,Paris FC,Caen,A,2.3,2.9,3.5,H,False
115,F2,Rodez,Chambly,H,2.1,2.9,4.0,H,True
116,F2,Sochaux,Ajaccio,A,2.2,2.9,3.75,H,False
117,F2,Lorient,Troyes,A,2.1,2.9,4.1,H,False
118,F2,Valenciennes,Le Havre,D,3.4,3.0,2.3,A,False
119,F2,Ajaccio,Rodez,H,1.9,3.1,4.5,H,True
120,F2,Caen,Orleans,H,2.05,3.3,3.6,H,True
121,F2,Chambly,Guingamp,A,3.4,3.0,2.3,A,True
122,F2,Chateauroux,Auxerre,H,3.6,2.9,2.25,A,False
123,F2,Troyes,Valenciennes,H,1.57,3.8,6.0,H,True
124,F2,Clermont,Le Mans,A,1.61,3.6,5.75,H,False
125,F2,Grenoble,Paris FC,D,1.9,3.1,4.5,H,False
126,F2,Lens,Lorient,H,2.3,2.87,3.5,H,True
127,F2,Niort,Sochaux,A,3.1,2.87,2.5,A,True
128,F2,Le Havre,Nancy,D,2.2,3.1,3.5,H,False
129,F2,Auxerre,Caen,D,2.0,3.0,4.5,H,False
130,F2,Chambly,Clermont,A,4.33,2.9,2.05,A,True
131,F2,Le Mans,Grenoble,D,2.8,3.0,2.7,A,False
132,F2,Lorient,Niort,H,1.45,4.2,7.5,H,True
133,F2,Nancy,Troyes,D,2.25,2.87,3.75,H,False
134,F2,Orleans,Paris FC,A,2.3,2.8,3.6,H,False
135,F2,Sochaux,Le Havre,H,2.87,2.75,2.87,D,False
136,F2,Valenciennes,Chateauroux,A,2.15,3.0,3.75,H,False
137,F2,Guingamp,Ajaccio,D,2.05,3.1,4.0,H,False
138,F2,Rodez,Lens,A,3.5,3.1,2.05,A,True
139,F2,Ajaccio,Clermont,D,2.75,2.87,2.87,H,False
140,F2,Caen,Le Mans,D,1.95,3.1,4.33,H,False
141,F2,Chateauroux,Lorient,A,5.25,3.3,1.75,A,True
142,F2,Grenoble,Nancy,D,2.7,2.87,2.9,H,False
143,F2,Niort,Rodez,H,2.7,3.0,2.8,H,True
144,F2,Orleans,Valenciennes,A,2.0,3.1,4.2,H,False
145,F2,Paris FC,Auxerre,H,3.2,2.87,2.45,A,False
146,F2,Troyes,Chambly,A,1.6,3.75,6.0,H,False
147,F2,Lens,Sochaux,H,1.95,3.1,4.33,H,True
148,F2,Le Havre,Guingamp,H,2.25,3.2,3.3,H,True
149,F2,Auxerre,Orleans,D,1.95,3.1,4.33,H,False
150,F2,Chambly,Ajaccio,A,3.3,2.8,2.45,A,True
151,F2,Clermont,Niort,H,1.44,3.75,9.0,H,True
152,F2,Guingamp,Caen,D,1.95,3.1,4.33,H,False
153,F2,Le Mans,Chateauroux,A,2.1,3.1,3.8,H,False
154,F2,Lorient,Grenoble,H,1.55,3.6,7.0,H,True
155,F2,Nancy,Paris FC,H,1.7,3.4,5.5,H,True
156,F2,Rodez,Le Havre,A,3.5,3.1,2.2,A,True
157,F2,Valenciennes,Lens,H,4.75,3.25,1.85,A,False
158,F2,Sochaux,Troyes,A,2.7,2.8,3.0,H,False
159,F2,Caen,Nancy,H,2.5,2.87,3.2,H,True
160,F2,Auxerre,Valenciennes,D,1.83,3.25,4.75,H,False
161,F2,Chateauroux,Sochaux,D,2.7,2.8,2.9,H,False
162,F2,Grenoble,Clermont,D,3.0,2.87,2.62,A,False
163,F2,Le Havre,Le Mans,H,1.61,3.4,6.5,H,True
164,F2,Lens,Chambly,H,1.53,3.6,7.5,H,True
165,F2,Niort,Ajaccio,A,3.4,3.0,2.3,A,True
166,F2,Orleans,Lorient,A,4.5,3.3,1.85,A,True
167,F2,Paris FC,Guingamp,A,3.25,2.87,2.45,A,True
168,F2,Troyes,Rodez,H,1.72,3.3,5.5,H,True
169,F2,Chambly,Niort,H,2.25,2.8,3.8,H,True
170,F2,Clermont,Le Havre,H,2.4,3.0,3.2,H,True
171,F2,Le Mans,Orleans,H,2.5,3.1,2.9,H,True
172,F2,Lorient,Auxerre,H,1.5,3.75,7.0,H,True
173,F2,Nancy,Chateauroux,H,1.72,3.3,5.5,H,True
174,F2,Rodez,Caen,H,3.2,3.0,2.4,A,False
175,F2,Sochaux,Grenoble,D,2.4,2.87,3.3,H,False
176,F2,Valenciennes,Paris FC,H,2.35,2.9,3.4,H,True
177,F2,Ajaccio,Lens,A,2.87,3.0,2.62,A,True
178,F2,Guingamp,Troyes,A,2.45,3.0,3.1,H,False
179,F2,Auxerre,Nancy,D,2.55,2.87,3.1,H,False
180,F2,Caen,Clermont,D,3.0,2.87,2.7,A,False
181,F2,Chateauroux,Guingamp,A,3.4,3.3,2.15,A,True
182,F2,Grenoble,Rodez,H,2.05,2.87,4.33,H,True
183,F2,Le Havre,Chambly,D,1.44,4.0,8.0,H,False
184,F2,Orleans,Sochaux,H,2.55,3.0,3.0,H,True
185,F2,Valenciennes,Lorient,H,4.0,3.3,1.95,A,False
186,F2,Lens,Niort,H,1.4,4.2,9.5,H,True
187,F2,Paris FC,Le Mans,A,2.25,3.0,3.5,H,False
188,F2,Troyes,Ajaccio,H,2.1,3.0,4.0,H,True
189,F2,Ajaccio,Grenoble,H,2.0,3.1,4.2,H,True
190,F2,Chambly,Orleans,H,2.8,3.0,2.7,A,False
191,F2,Clermont,Troyes,H,2.3,2.87,3.5,H,True
192,F2,Le Mans,Auxerre,A,3.0,3.2,2.4,A,True
193,F2,Nancy,Valenciennes,H,1.83,3.4,4.5,H,True
194,F2,Niort,Le Havre,A,4.33,3.5,1.83,A,True
195,F2,Rodez,Chateauroux,A,2.0,3.2,4.2,H,False
196,F2,Sochaux,Paris FC,D,1.75,3.25,5.25,H,False
197,F2,Lorient,Caen,H,1.72,3.5,5.0,H,True
198,F2,Guingamp,Lens,D,2.6,3.2,2.75,H,False
199,F2,Auxerre,Sochaux,H,2.0,2.8,4.75,H,True
200,F2,Caen,Ajaccio,A,3.0,2.8,2.7,A,True
201,F2,Chateauroux,Niort,D,2.1,3.2,3.6,H,False
202,F2,Grenoble,Chambly,D,1.9,3.1,4.5,H,False
203,F2,Lorient,Nancy,H,1.57,3.6,6.5,H,True
204,F2,Orleans,Guingamp,H,3.1,3.2,2.37,A,False
205,F2,Paris FC,Rodez,D,2.45,2.75,3.4,H,False
206,F2,Valenciennes,Le Mans,H,1.9,3.4,4.2,H,True
207,F2,Lens,Clermont,D,1.95,3.1,4.33,H,False
208,F2,Le Havre,Troyes,H,2.3,3.1,3.3,H,True
209,F2,Ajaccio,Chateauroux,A,1.6,3.6,6.0,H,False
210,F2,Chambly,Caen,A,2.75,2.9,2.75,H,False
211,F2,Clermont,Orleans,H,1.72,3.5,5.25,H,True
212,F2,Guingamp,Auxerre,H,2.1,3.25,3.5,H,True
213,F2,Le Havre,Lens,D,2.62,3.1,2.75,H,False
214,F2,Le Mans,Nancy,D,2.9,3.2,2.45,A,False
215,F2,Niort,Paris FC,D,2.6,2.9,3.0,H,False
216,F2,Rodez,Valenciennes,D,2.3,3.2,3.2,H,False
217,F2,Troyes,Grenoble,A,2.0,3.3,4.0,H,False
218,F2,Sochaux,Lorient,A,3.6,2.9,2.25,A,True
219,F2,Grenoble,Le Havre,D,3.1,2.8,2.55,A,False
220,F2,Auxerre,Clermont,D,2.7,2.9,2.87,H,False
221,F2,Caen,Niort,H,1.85,3.2,4.75,H,True
222,F2,Chateauroux,Chambly,A,2.5,2.8,3.25,H,False
223,F2,Lens,Troyes,H,1.72,3.25,5.5,H,True
224,F2,Lorient,Le Mans,H,1.36,4.33,10.0,H,True
225,F2,Nancy,Sochaux,D,2.1,2.8,4.2,H,False
226,F2,Orleans,Rodez,A,2.37,2.9,3.3,H,False
227,F2,Paris FC,Ajaccio,A,3.8,2.9,2.2,A,True
228,F2,Valenciennes,Guingamp,D,2.8,3.0,2.62,A,False
229,F2,Ajaccio,Auxerre,A,2.1,2.87,4.2,H,False
230,F2,Chambly,Paris FC,A,3.3,2.8,2.5,A,True
231,F2,Clermont,Valenciennes,H,1.72,3.4,5.5,H,True
232,F2,Le Havre,Caen,D,2.1,3.1,4.0,H,False
233,F2,Niort,Orleans,H,2.87,3.2,2.45,A,False
234,F2,Rodez,Nancy,D,2.5,3.0,2.8,H,False
235,F2,Sochaux,Le Mans,H,1.83,3.25,4.75,H,True
236,F2,Troyes,Chateauroux,H,1.75,3.4,5.0,H,True
237,F2,Guingamp,Lorient,H,3.1,3.0,2.4,A,False
238,F2,Lens,Grenoble,D,1.66,3.5,5.5,H,False
239,F2,Auxerre,Chambly,D,1.72,3.1,6.0,H,False
240,F2,Caen,Troyes,A,2.62,2.87,3.1,H,False
241,F2,Grenoble,Niort,H,1.72,3.2,5.75,H,True
242,F2,Le Mans,Rodez,D,2.5,3.0,3.0,H,False
243,F2,Orleans,Ajaccio,A,3.6,2.9,2.25,A,True
244,F2,Paris FC,Le Havre,H,3.5,2.87,2.3,A,False
245,F2,Valenciennes,Sochaux,H,2.5,3.0,3.0,H,True
246,F2,Lorient,Clermont,A,1.9,3.0,4.75,H,False
247,F2,Nancy,Guingamp,A,2.5,3.0,3.0,H,False
248,F2,Chateauroux,Lens,H,5.5,3.2,1.75,A,False
249,F2,Ajaccio,Le Mans,H,1.57,3.75,7.0,H,True
250,F2,Chambly,Nancy,H,3.25,2.62,2.62,D,False
251,F2,Clermont,Paris FC,A,1.75,3.3,5.25,H,False
252,F2,Grenoble,Chateauroux,A,1.85,3.0,5.5,H,False
253,F2,Guingamp,Sochaux,D,1.83,3.2,5.0,H,False
254,F2,Le Havre,Orleans,A,1.66,3.5,5.75,H,False
255,F2,Niort,Valenciennes,H,2.87,2.87,2.75,A,False
256,F2,Rodez,Lorient,A,4.5,3.25,1.85,A,True
257,F2,Lens,Caen,A,1.57,3.5,7.0,H,False
258,F2,Troyes,Auxerre,H,2.25,2.9,3.6,H,True
259,F2,Auxerre,Niort,H,1.66,3.4,6.0,H,True
260,F2,Caen,Grenoble,H,2.62,2.87,3.0,H,True
261,F2,Chateauroux,Le Havre,A,4.2,3.1,2.0,A,True
262,F2,Le Mans,Guingamp,H,3.8,3.2,2.05,A,False
263,F2,Nancy,Clermont,A,2.9,2.87,2.7,A,True
264,F2,Orleans,Troyes,A,3.4,2.9,2.3,A,True
265,F2,Sochaux,Rodez,D,2.15,2.9,4.0,H,False
266,F2,Valenciennes,Ajaccio,D,3.2,2.9,2.45,A,False
267,F2,Lorient,Chambly,A,1.5,3.75,8.5,H,False
268,F2,Paris FC,Lens,A,4.0,3.0,2.1,A,True
269,F2,Chambly,Le Mans,D,2.2,3.0,3.6,H,False
270,F2,Chateauroux,Caen,H,3.4,2.9,2.37,A,False
271,F2,Clermont,Sochaux,H,1.83,3.25,4.75,H,True
272,F2,Grenoble,Valenciennes,A,2.05,3.0,4.1,H,False
273,F2,Le Havre,Auxerre,H,2.15,3.1,3.8,H,True
274,F2,Niort,Nancy,D,2.87,2.9,2.75,A,False
275,F2,Rodez,Guingamp,H,3.0,3.0,2.5,A,False
276,F2,Troyes,Paris FC,D,1.61,3.6,6.0,H,False
277,F2,Ajaccio,Lorient,H,3.1,3.0,2.45,A,False
278,F2,Lens,Orleans,H,1.53,3.8,6.5,H,True
279,F2,Ajaccio,Chateauroux,A,1.65,3.6,5.25,H,False
280,F2,Amiens,Nancy,H,2.1,3.4,3.4,H,True
281,F2,Auxerre,Sochaux,A,2.0,3.2,4.0,H,False
282,F2,Chambly,Paris FC,A,2.7,3.0,2.8,H,False
283,F2,Clermont,Caen,D,2.15,3.1,3.6,H,False
284,F2,Guingamp,Niort,A,1.53,3.8,6.5,H,False
285,F2,Rodez,Grenoble,H,2.25,3.0,3.5,H,True
286,F2,Valenciennes,Pau FC,H,1.9,3.3,4.33,H,True
287,F2,Troyes,Le Havre,H,2.05,3.2,3.8,H,True
288,F2,Caen,Ajaccio,H,2.45,2.9,3.1,H,True
289,F2,Nancy,Guingamp,D,2.8,2.87,2.8,H,False
290,F2,Chateauroux,Auxerre,A,3.2,3.0,2.37,A,True
291,F2,Dunkerque,Clermont,D,2.87,3.0,2.6,A,False
292,F2,Grenoble,Toulouse,H,2.25,3.0,3.5,H,True
293,F2,Le Havre,Amiens,H,2.2,3.1,3.5,H,True
294,F2,Niort,Chambly,D,2.3,2.9,3.5,H,False
295,F2,Paris FC,Valenciennes,H,2.3,3.1,3.25,H,True
296,F2,Pau FC,Rodez,D,2.45,3.0,3.1,H,False
297,F2,Sochaux,Troyes,H,2.8,3.0,2.7,A,False
298,F2,Guingamp,Le Havre,A,2.05,3.2,3.8,H,False
299,F2,Amiens,Paris FC,A,2.2,3.1,3.5,H,False
300,F2,Auxerre,Clermont,A,2.5,3.1,2.9,H,False
301,F2,Chambly,Grenoble,A,3.1,3.1,2.37,A,True
302,F2,Niort,Nancy,H,2.7,3.2,2.62,A,False
303,F2,Rodez,Caen,A,2.8,3.2,2.5,A,True
304,F2,Troyes,Pau FC,H,1.83,3.25,4.75,H,True
305,F2,Valenciennes,Chateauroux,H,2.15,3.1,3.6,H,True
306,F2,Toulouse,Sochaux,D,2.2,3.2,3.3,H,False
307,F2,Clermont,Toulouse,D,2.0,3.0,4.0,H,False
308,F2,Caen,Chambly,D,1.8,3.0,4.75,H,False
309,F2,Chateauroux,Amiens,D,3.1,2.8,2.37,A,False
310,F2,Dunkerque,Valenciennes,H,3.6,2.9,2.25,A,False
311,F2,Grenoble,Ajaccio,H,2.15,2.9,3.4,H,True
312,F2,Le Havre,Niort,A,1.8,3.4,4.0,H,False
313,F2,Paris FC,Nancy,A,2.05,2.87,3.75,H,False
314,F2,Pau FC,Guingamp,A,3.6,2.87,2.15,A,True
315,F2,Sochaux,Rodez,D,2.05,2.9,3.8,H,False
316,F2,Auxerre,Troyes,H,2.62,2.87,2.75,H,True
317,F2,Toulouse,Auxerre,H,2.3,2.75,3.6,H,True
318,F2,Ajaccio,Sochaux,D,2.25,2.75,4.0,H,False
319,F2,Amiens,Pau FC,D,1.85,3.1,4.75,H,False
320,F2,Chambly,Chateauroux,H,2.25,2.87,3.75,H,True
321,F2,Guingamp,Grenoble,H,2.3,2.75,3.6,H,True
322,F2,Nancy,Le Havre,A,2.3,2.87,3.6,H,False
323,F2,Niort,Paris FC,D,2.62,2.8,3.0,H,False
324,F2,Rodez,Dunkerque,H,2.6,2.75,3.1,H,True
325,F2,Valenciennes,Caen,H,2.5,2.9,3.1,H,True
326,F2,Troyes,Clermont,H,2.3,2.8,3.5,H,True
327,F2,Ajaccio,Dunkerque,H,2.0,3.2,3.6,H,True
328,F2,Toulouse,Troyes,D,2.62,3.1,2.75,H,False
329,F2,Caen,Amiens,H,2.4,3.0,3.2,H,True
330,F2,Auxerre,Ajaccio,H,2.25,3.0,3.5,H,True
331,F2,Chateauroux,Niort,H,2.5,3.1,2.9,H,True
332,F2,Clermont,Rodez,H,1.9,3.2,4.33,H,True
333,F2,Dunkerque,Guingamp,H,3.2,3.1,2.3,A,False
334,F2,Grenoble,Valenciennes,H,2.1,3.1,3.8,H,True
335,F2,Paris FC,Le Havre,H,2.5,3.0,3.0,H,True
336,F2,Pau FC,Nancy,D,2.7,3.0,2.8,H,False
337,F2,Sochaux,Chambly,H,1.8,3.3,4.75,H,True
338,F2,Chambly,Clermont,A,4.33,3.0,2.0,A,True
339,F2,Valenciennes,Sochaux,D,2.45,3.1,3.0,H,False
340,F2,Ajaccio,Toulouse,A,2.1,3.1,3.8,H,False
341,F2,Amiens,Grenoble,H,2.3,3.1,3.2,H,True
342,F2,Le Havre,Chateauroux,D,1.85,3.25,4.5,H,False
343,F2,Nancy,Dunkerque,H,2.1,3.1,3.4,H,True
344,F2,Niort,Caen,H,2.8,2.9,2.6,A,False
345,F2,Paris FC,Pau FC,H,1.9,3.25,4.33,H,True
346,F2,Rodez,Troyes,A,3.1,3.1,2.4,A,True
347,F2,Guingamp,Auxerre,H,2.25,3.1,3.4,H,True
348,F2,Caen,Guingamp,H,2.75,3.1,2.6,A,False
349,F2,Auxerre,Chambly,H,1.75,3.2,5.25,H,True
350,F2,Chateauroux,Paris FC,A,3.2,3.0,2.4,A,True
351,F2,Clermont,Ajaccio,A,1.85,3.5,4.0,H,False
352,F2,Dunkerque,Le Havre,A,2.6,3.0,2.9,H,False
353,F2,Pau FC,Niort,H,2.5,2.87,3.2,H,True
354,F2,Toulouse,Rodez,H,2.0,3.2,4.0,H,True
355,F2,Troyes,Valenciennes,D,1.7,3.4,5.25,H,False
356,F2,Sochaux,Amiens,A,2.25,2.75,3.8,H,False
357,F2,Paris FC,Caen,H,2.3,3.0,3.3,H,True
358,F2,Ajaccio,Troyes,A,2.9,3.0,2.6,A,True
359,F2,Chambly,Dunkerque,A,2.9,3.0,2.55,A,True
360,F2,Guingamp,Sochaux,D,2.0,3.1,4.2,H,False
361,F2,Le Havre,Pau FC,H,2.15,3.1,3.6,H,True
362,F2,Nancy,Chateauroux,H,1.9,3.1,4.5,H,True
363,F2,Rodez,Auxerre,D,3.25,3.0,2.4,A,False
364,F2,Valenciennes,Clermont,A,3.8,3.0,2.15,A,True
365,F2,Amiens,Toulouse,A,2.25,2.9,3.5,H,False
366,F2,Clermont,Guingamp,D,2.15,3.2,3.2,H,False
367,F2,Grenoble,Le Havre,H,2.1,3.0,3.25,H,True
368,F2,Auxerre,Amiens,H,2.3,2.9,3.0,H,True
369,F2,Caen,Nancy,H,2.1,2.8,3.5,H,True
370,F2,Chateauroux,Pau FC,A,2.5,3.0,2.62,H,False
371,F2,Dunkerque,Paris FC,A,3.2,2.9,2.3,A,True
372,F2,Rodez,Ajaccio,A,2.8,2.9,2.4,A,True
373,F2,Sochaux,Niort,A,1.95,3.0,4.0,H,False
374,F2,Toulouse,Valenciennes,A,1.75,3.1,4.5,H,False
375,F2,Troyes,Chambly,D,1.5,3.5,6.0,H,False
376,F2,Le Havre,Caen,A,2.62,2.9,3.0,H,False
377,F2,Amiens,Clermont,D,2.9,3.1,2.5,A,False
378,F2,Chambly,Toulouse,D,3.8,3.3,2.0,A,False
379,F2,Chateauroux,Sochaux,H,2.9,2.9,2.7,A,False
380,F2,Niort,Dunkerque,A,2.3,3.2,3.2,H,False
381,F2,Paris FC,Auxerre,A,2.2,3.0,3.5,H,False
382,F2,Pau FC,Grenoble,A,3.1,2.7,2.7,D,False
383,F2,Valenciennes,Rodez,D,2.05,3.2,3.75,H,False
384,F2,Guingamp,Ajaccio,D,2.25,3.1,3.3,H,False
385,F2,Grenoble,Nancy,H,1.9,3.2,4.33,H,True
386,F2,Grenoble,Paris FC,D,2.4,3.0,3.2,H,False
387,F2,Toulouse,Niort,H,1.95,3.2,4.0,H,True
388,F2,Ajaccio,Chambly,D,1.83,3.2,4.75,H,False
389,F2,Auxerre,Valenciennes,D,1.75,3.3,5.5,H,False
390,F2,Caen,Chateauroux,D,1.75,3.3,4.5,H,False
391,F2,Clermont,Nancy,H,1.72,3.3,5.25,H,True
392,F2,Dunkerque,Pau FC,D,2.62,2.9,2.87,H,False
393,F2,Rodez,Guingamp,D,3.1,2.87,2.37,A,False
394,F2,Sochaux,Le Havre,H,2.3,2.87,3.2,H,True
395,F2,Troyes,Amiens,H,2.0,3.25,3.9,H,True
396,F2,Amiens,Dunkerque,H,2.0,3.0,3.8,H,True
397,F2,Chambly,Rodez,H,2.75,2.87,2.62,A,False
398,F2,Chateauroux,Grenoble,A,3.5,2.9,2.05,A,True
399,F2,Guingamp,Troyes,A,2.7,2.87,2.6,A,True
400,F2,Le Havre,Auxerre,D,2.87,3.2,2.3,A,False
401,F2,Nancy,Toulouse,A,2.5,3.0,2.62,H,False
402,F2,Niort,Clermont,H,3.5,3.1,2.0,A,False
403,F2,Paris FC,Sochaux,D,2.15,3.1,3.3,H,False
404,F2,Pau FC,Caen,H,3.0,2.9,2.6,A,False
405,F2,Valenciennes,Ajaccio,D,2.75,2.87,2.5,A,False
406,F2,Troyes,Paris FC,H,1.95,3.1,4.33,H,True
407,F2,Auxerre,Niort,H,2.0,3.25,3.75,H,True
408,F2,Caen,Grenoble,D,2.6,2.8,3.0,H,False
409,F2,Chambly,Valenciennes,A,3.1,2.8,2.55,A,True
410,F2,Clermont,Pau FC,H,1.61,3.5,6.0,H,True
411,F2,Dunkerque,Chateauroux,H,2.3,2.9,3.5,H,True
412,F2,Rodez,Amiens,A,3.5,2.75,2.4,A,True
413,F2,Sochaux,Nancy,D,2.2,2.9,3.75,H,False
414,F2,Toulouse,Guingamp,D,2.3,3.2,3.1,H,False
415,F2,Ajaccio,Le Havre,D,2.25,3.0,3.4,H,False
416,F2,Caen,Troyes,D,3.1,3.0,2.45,A,False
417,F2,Amiens,Chambly,D,1.83,3.1,5.25,H,False
418,F2,Chateauroux,Toulouse,A,3.8,3.2,2.05,A,True
419,F2,Grenoble,Dunkerque,H,1.75,3.1,5.5,H,True
420,F2,Guingamp,Valenciennes,D,1.95,3.3,4.2,H,False
421,F2,Nancy,Auxerre,D,3.2,2.9,2.45,A,False
422,F2,Niort,Ajaccio,H,2.9,2.87,2.7,A,False
423,F2,Paris FC,Rodez,D,1.95,3.25,4.0,H,False
424,F2,Le Havre,Clermont,D,3.6,3.1,2.15,A,False
425,F2,Nancy,Troyes,A,3.8,3.0,2.15,A,True
426,F2,Niort,Grenoble,D,3.0,3.0,2.5,A,False
427,F2,Pau FC,Sochaux,D,2.87,2.75,2.87,D,True
428,F2,Ajaccio,Nancy,H,2.5,3.0,3.25,H,True
429,F2,Auxerre,Pau FC,H,1.8,3.8,4.33,H,True
430,F2,Chambly,Guingamp,H,3.5,3.1,2.15,A,False
431,F2,Dunkerque,Caen,A,3.1,3.0,2.45,A,True
432,F2,Rodez,Chateauroux,D,2.05,3.1,3.8,H,False
433,F2,Sochaux,Grenoble,D,3.0,3.0,2.55,A,False
434,F2,Troyes,Niort,H,1.57,4.0,5.5,H,True
435,F2,Valenciennes,Amiens,A,2.9,2.9,2.5,A,True
436,F2,Clermont,Paris FC,H,2.1,3.1,3.75,H,True
437,F2,Toulouse,Le Havre,H,2.0,3.3,3.75,H,True
438,F2,Amiens,Ajaccio,D,2.15,3.0,3.75,H,False
439,F2,Caen,Sochaux,A,2.45,2.8,3.3,H,False
440,F2,Chateauroux,Clermont,A,6.5,3.6,1.57,A,True
441,F2,Dunkerque,Auxerre,A,4.2,3.1,1.95,A,True
442,F2,Grenoble,Troyes,H,3.2,2.9,2.37,A,False
443,F2,Le Havre,Rodez,D,2.25,3.0,3.5,H,False
444,F2,Nancy,Chambly,D,2.1,3.0,3.75,H,False
445,F2,Paris FC,Guingamp,H,1.9,3.3,4.2,H,True
446,F2,Pau FC,Toulouse,A,3.75,3.1,2.1,A,True
447,F2,Ajaccio,Pau FC,H,1.85,3.1,4.33,H,True
448,F2,Auxerre,Caen,D,1.95,3.5,4.0,H,False
449,F2,Chambly,Le Havre,A,2.9,3.1,2.5,A,True
450,F2,Clermont,Grenoble,H,2.1,3.0,4.0,H,True
451,F2,Guingamp,Amiens,D,2.7,2.87,2.9,H,False
452,F2,Rodez,Niort,D,2.45,2.87,3.25,H,False
453,F2,Sochaux,Dunkerque,H,1.95,3.1,4.5,H,True
454,F2,Toulouse,Paris FC,H,2.2,3.2,3.4,H,True
455,F2,Troyes,Chateauroux,H,1.33,4.75,9.5,H,True
456,F2,Valenciennes,Nancy,A,2.7,2.9,2.7,H,False
457,F2,Chateauroux,Guingamp,A,3.3,3.1,2.3,A,True
458,F2,Dunkerque,Troyes,D,6.0,3.75,1.61,A,False
459,F2,Le Havre,Valenciennes,A,2.15,3.0,3.75,H,False
460,F2,Nancy,Rodez,D,2.2,2.8,3.8,H,False
461,F2,Niort,Amiens,A,3.3,3.0,2.37,A,True
462,F2,Paris FC,Ajaccio,D,2.1,2.9,4.2,H,False
463,F2,Pau FC,Chambly,A,2.5,2.9,2.9,H,False
464,F2,Sochaux,Clermont,D,3.4,3.0,2.37,A,False
465,F2,Grenoble,Auxerre,D,2.4,2.9,3.2,H,False
466,F2,Caen,Toulouse,D,3.4,3.0,2.3,A,False
467,F2,Toulouse,Grenoble,H,2.1,3.1,3.6,H,True
468,F2,Troyes,Sochaux,H,1.75,3.2,5.5,H,True
469,F2,Ajaccio,Caen,H,2.3,3.0,3.4,H,True
470,F2,Amiens,Le Havre,D,2.05,3.0,4.2,H,False
471,F2,Auxerre,Chateauroux,H,1.45,4.0,7.0,H,True
472,F2,Clermont,Dunkerque,H,1.5,3.8,7.0,H,True
473,F2,Guingamp,Nancy,D,2.15,3.0,3.8,H,False
474,F2,Rodez,Pau FC,H,2.15,3.0,3.8,H,True
475,F2,Clermont,Auxerre,H,1.95,3.0,4.0,H,True
476,F2,Caen,Rodez,A,2.15,2.87,3.5,H,False
477,F2,Chateauroux,Valenciennes,D,2.9,3.1,2.3,A,False
478,F2,Dunkerque,Ajaccio,H,3.75,3.2,1.95,A,False
479,F2,Grenoble,Chambly,H,1.8,3.2,4.33,H,True
480,F2,Le Havre,Guingamp,D,2.45,3.0,2.9,H,False
481,F2,Nancy,Niort,D,2.1,3.2,3.3,H,False
482,F2,Paris FC,Amiens,H,2.2,3.0,3.3,H,True
483,F2,Pau FC,Troyes,A,5.5,3.5,1.6,A,True
484,F2,Sochaux,Toulouse,A,3.25,3.0,2.25,A,True
485,F2,Valenciennes,Paris FC,H,3.3,3.2,2.3,A,False
486,F2,Chambly,Niort,D,2.37,2.9,3.0,H,False
487,F2,Toulouse,Clermont,H,2.87,3.2,2.55,A,False
488,F2,Troyes,Auxerre,H,2.0,3.1,4.2,H,True
489,F2,Ajaccio,Grenoble,H,2.45,3.0,3.1,H,True
490,F2,Amiens,Chateauroux,H,1.75,3.4,5.0,H,True
491,F2,Chambly,Caen,H,2.9,3.1,2.55,A,False
492,F2,Guingamp,Pau FC,A,1.95,3.3,4.0,H,False
493,F2,Nancy,Paris FC,D,2.9,3.2,2.5,A,False
494,F2,Niort,Le Havre,D,2.75,3.0,2.75,H,False
495,F2,Rodez,Sochaux,D,2.8,3.0,2.7,A,False
496,F2,Valenciennes,Dunkerque,H,2.05,3.0,4.0,H,True
497,F2,Auxerre,Toulouse,H,2.4,3.2,3.0,H,True
498,F2,Caen,Valenciennes,D,2.45,3.0,3.1,H,False
499,F2,Chateauroux,Chambly,H,2.45,3.0,3.2,H,True
500,F2,Clermont,Troyes,H,2.2,3.1,3.5,H,True
501,F2,Dunkerque,Rodez,D,3.0,3.1,2.45,A,False
502,F2,Grenoble,Guingamp,H,2.2,3.2,3.4,H,True
503,F2,Le Havre,Nancy,D,2.45,2.9,3.2,H,False
504,F2,Paris FC,Niort,D,1.75,3.6,4.75,H,False
505,F2,Pau FC,Amiens,H,3.4,3.2,2.2,A,False
506,F2,Sochaux,Ajaccio,A,2.55,3.1,2.87,H,False
507,F2,Ajaccio,Auxerre,D,2.4,3.1,3.1,H,False
508,F2,Amiens,Caen,D,2.2,3.0,3.5,H,False
509,F2,Chambly,Sochaux,A,3.4,2.8,2.15,A,True
510,F2,Guingamp,Dunkerque,D,1.75,3.2,4.33,H,False
511,F2,Nancy,Pau FC,H,2.0,3.0,3.6,H,True
512,F2,Niort,Chateauroux,D,2.9,3.1,2.5,A,False
513,F2,Rodez,Clermont,H,5.25,3.6,1.66,A,False
514,F2,Valenciennes,Grenoble,A,3.1,3.0,2.25,A,True
515,F2,Le Havre,Paris FC,H,3.2,3.0,2.2,A,False
516,F2,Troyes,Toulouse,D,2.05,3.4,3.5,H,False
517,F2,Auxerre,Guingamp,D,1.9,3.4,4.0,H,False
518,F2,Caen,Niort,H,2.15,3.2,3.6,H,True
519,F2,Chateauroux,Le Havre,A,2.55,3.0,2.9,H,False
520,F2,Clermont,Chambly,H,,,,,False
521,F2,Dunkerque,Nancy,A,2.8,2.87,2.8,H,False
522,F2,Grenoble,Amiens,D,2.2,3.0,3.6,H,False
523,F2,Pau FC,Paris FC,D,3.8,3.0,2.1,A,False
524,F2,Troyes,Rodez,H,1.6,3.6,6.0,H,True
525,F2,Sochaux,Valenciennes,H,2.1,3.1,3.75,H,True
526,F2,Toulouse,Ajaccio,H,1.8,3.2,4.75,H,True
527,F2,Valenciennes,Troyes,D,4.5,3.3,1.85,A,False
528,F2,Ajaccio,Clermont,A,3.9,3.0,2.1,A,True
529,F2,Amiens,Sochaux,A,2.7,2.8,3.1,H,False
530,F2,Chambly,Auxerre,A,5.75,3.75,1.61,A,True
531,F2,Le Havre,Dunkerque,D,1.65,3.6,5.5,H,False
532,F2,Nancy,Grenoble,A,2.75,3.1,2.62,A,True
533,F2,Niort,Pau FC,H,2.45,2.62,3.5,H,True
534,F2,Paris FC,Chateauroux,H,1.95,3.4,3.8,H,True
535,F2,Rodez,Toulouse,H,3.8,3.3,2.0,A,False
536,F2,Guingamp,Caen,D,2.2,3.2,3.25,H,False
537,F2,Toulouse,Amiens,H,1.85,3.4,4.33,H,True
538,F2,Troyes,Ajaccio,H,1.75,3.4,5.0,H,True
539,F2,Auxerre,Rodez,A,1.9,3.4,4.2,H,False
540,F2,Caen,Paris FC,A,3.25,3.0,2.37,A,True
541,F2,Chateauroux,Nancy,A,2.5,3.1,2.87,H,False
542,F2,Clermont,Valenciennes,H,1.44,3.75,9.5,H,True
543,F2,Dunkerque,Chambly,D,2.3,3.1,3.3,H,False
544,F2,Grenoble,Niort,D,1.8,3.4,4.75,H,False
545,F2,Pau FC,Le Havre,H,2.75,3.0,2.7,A,False
546,F2,Sochaux,Guingamp,D,2.0,3.1,4.2,H,False
547,F2,Ajaccio,Rodez,H,2.25,2.8,3.75,H,True
548,F2,Amiens,Auxerre,D,3.2,3.0,2.45,A,False
549,F2,Chambly,Troyes,A,7.0,4.33,1.45,A,True
550,F2,Guingamp,Clermont,A,4.2,3.5,1.85,A,True
551,F2,Le Havre,Grenoble,A,2.5,3.1,3.0,H,False
552,F2,Nancy,Caen,H,2.25,2.8,3.8,H,True
553,F2,Niort,Sochaux,A,3.0,3.0,2.5,A,True
554,F2,Paris FC,Dunkerque,H,1.57,3.6,6.5,H,True
555,F2,Pau FC,Chateauroux,H,2.15,3.1,3.5,H,True
556,F2,Valenciennes,Toulouse,H,5.0,3.75,1.66,A,False
557,F2,Auxerre,Paris FC,D,2.5,3.0,3.0,H,False
558,F2,Ajaccio,Guingamp,A,2.05,3.0,4.2,H,False
559,F2,Dunkerque,Niort,H,2.55,2.9,3.0,H,True
560,F2,Grenoble,Pau FC,D,1.83,3.4,4.75,H,False
561,F2,Rodez,Valenciennes,H,2.0,3.1,3.8,H,True
562,F2,Sochaux,Chateauroux,D,1.6,3.75,6.0,H,False
563,F2,Toulouse,Chambly,H,,,,,False
564,F2,Troyes,Nancy,A,1.61,3.5,6.0,H,False
565,F2,Caen,Le Havre,A,2.5,3.0,3.0,H,False
566,F2,Chambly,Ajaccio,H,5.0,3.1,1.9,A,False
567,F2,Amiens,Troyes,H,4.0,3.25,1.95,A,False
568,F2,Chateauroux,Caen,D,2.7,3.0,2.8,H,False
569,F2,Guingamp,Rodez,D,2.4,2.9,3.2,H,False
570,F2,Le Havre,Sochaux,A,2.8,3.0,2.8,H,False
571,F2,Nancy,Clermont,H,4.5,3.1,1.9,A,False
572,F2,Niort,Toulouse,H,5.25,3.6,1.65,A,False
573,F2,Paris FC,Grenoble,H,2.05,3.2,3.6,H,True
574,F2,Pau FC,Dunkerque,H,2.2,3.0,3.6,H,True
575,F2,Valenciennes,Auxerre,D,4.5,3.0,2.0,A,False
